clientenombre;clienteemail;clientetelefono;clienteclave
Antonio Rivera;Antonio.Rivera@bbdduc.utopia;56994087603;JTWDPFHP41
Diego Fernandez;Diego.Fernandez@bbdduc.utopia;56984559741;HKZBAUXP50
Angeles Monzon;Angeles.Monzon@bbdduc.utopia;56997824629;GDPIPZUA18
Jose Dauber;Jose.Dauber@bbdduc.utopia;56972922150;EPYMMUCO73
Santiago Garcia;Santiago.Garcia@bbdduc.utopia;56952755951;MEJRJSPC60
Agustin Matte;Agustin.Matte@bbdduc.utopia;56911904638;JQMUGFRS73
Humberto Gomez;Humberto.Gomez@bbdduc.utopia;56917734245;LPTHAFZZ96
Ignacio Mellado;Ignacio.Mellado@bbdduc.utopia;56929043134;GHZTVCGO25
Ignacia Rolando;Ignacia.Rolando@bbdduc.utopia;56975853566;BFMTFREO37
Nicolas Plaza;Nicolas.Plaza@bbdduc.utopia;56948382969;OCDLAPZJ78
Abel Gandolfi;Abel.Gandolfi@bbdduc.utopia;56959418199;IFJBWGKD57
Andrea Guevara;Andrea.Guevara@bbdduc.utopia;56920906448;KFDOYAQS32
Eduardo Cortez;Eduardo.Cortez@bbdduc.utopia;56919173831;UPCEULWZ31
Humberto Hormann;Humberto.Hormann@bbdduc.utopia;56922739885;IRGIXRUF55
Ignacio Conejeros;Ignacio.Conejeros@bbdduc.utopia;56996425322;HTTBPQES86
Ignacia Greene;Ignacia.Greene@bbdduc.utopia;56950298097;KIIWHWBM22
Nicolas Munoz;Nicolas.Munoz@bbdduc.utopia;56920134472;WLZIRQFV21
Alejandro Daroca;Alejandro.Daroca@bbdduc.utopia;56969171652;TAOVJQJH93
Paz Egnem;Paz.Egnem@bbdduc.utopia;56998928895;EBTDEAAF69
Andres Barrera;Andres.Barrera@bbdduc.utopia;56970163398;BRQSGRRG39
Antonio Larrain;Antonio.Larrain@bbdduc.utopia;56986608501;ZYBJKZIU10
Andres Gallardo;Andres.Gallardo@bbdduc.utopia;56987751736;JNAKMRKL13
Andres Ruiz;Andres.Ruiz@bbdduc.utopia;56999974951;VNNIABHH84
Yerhov Silberberg;Yerhov.Silberberg@bbdduc.utopia;56958595412;XXQOOUHA71
Diaz Barrera;Diaz.Barrera@bbdduc.utopia;56979797000;TJPRYLFO57
Ozzy Baldini;Ozzy.Baldini@bbdduc.utopia;56918496384;AZOILMWX26
Ernst Bustos;Ernst.Bustos@bbdduc.utopia;56990556669;DJWMAAZF15
Javier Madrid;Javier.Madrid@bbdduc.utopia;56983532648;DMKHRKER16
Jesus Estremadoyro;Jesus.Estremadoyro@bbdduc.utopia;56939814656;DVROGVPU77
Enrique Costa;Enrique.Costa@bbdduc.utopia;56944727920;KJXDCTDA49
Jesus Valera;Jesus.Valera@bbdduc.utopia;56982456563;OVQGTEMW63
Eduardo Gonzalez;Eduardo.Gonzalez@bbdduc.utopia;56980225681;TNSZDDIV86
Andres Saavedra;Andres.Saavedra@bbdduc.utopia;56937385754;QCUMKMGG62
Jesus Bahamonde;Jesus.Bahamonde@bbdduc.utopia;56942449591;HIWUOGZH55
Javier Arias;Javier.Arias@bbdduc.utopia;56952403273;GFIMBFZC49
Paz Pena;Paz.Pena@bbdduc.utopia;56979457945;SVPRLIVA18
Andres Meza;Andres.Meza@bbdduc.utopia;56918693660;FCQSQMBZ95
Elena Morales;Elena.Morales@bbdduc.utopia;56991800035;XHXSQNOR32
Robinson Hermosilla;Robinson.Hermosilla@bbdduc.utopia;56962202135;KZJMIZVJ61
Ignacia Oyarzun;Ignacia.Oyarzun@bbdduc.utopia;56974715554;LUVWRWSK86
Elena Alarcon;Elena.Alarcon@bbdduc.utopia;56913400258;FSVHRPAT95
Alfredo Catalan;Alfredo.Catalan@bbdduc.utopia;56953813429;VLLDNFCW84
Elena Cintolesi;Elena.Cintolesi@bbdduc.utopia;56994912598;LCFPEUDJ61
Antonia Contreras;Antonia.Contreras@bbdduc.utopia;56992465219;GQNVGQQG71
Pedro Correa;Pedro.Correa@bbdduc.utopia;56970405475;OWVATYES35
Andres Cortes;Andres.Cortes@bbdduc.utopia;56960848445;PDOXXLPX97
Ignacio Arias;Ignacio.Arias@bbdduc.utopia;56942112726;JZYGCPSN17
Andres Reinhardt;Andres.Reinhardt@bbdduc.utopia;56964549056;BJIWZQTW63
Macarena Galleguillos;Macarena.Galleguillos@bbdduc.utopia;56971256145;LXPQGWTC28
Macarena Saldana;Macarena.Saldana@bbdduc.utopia;56992987026;KRRIIOSP80
Andres Benavides;Andres.Benavides@bbdduc.utopia;56990161158;OXSMRDNJ12
Yan Zhung;Yan.Zhung@bbdduc.utopia;56979322678;ZCBBYWIL90
Jose Castelblanco;Jose.Castelblanco@bbdduc.utopia;56959584691;GAXLWWAD31
Segundo Collinao;Segundo.Collinao@bbdduc.utopia;56939259756;ONPBOBAR98
Macarena Lungenstrass;Macarena.Lungenstrass@bbdduc.utopia;56946043276;BASRVYEE88
Macarena Martinez;Macarena.Martinez@bbdduc.utopia;56920471929;BNTJIEYK56
Andres Mendez;Andres.Mendez@bbdduc.utopia;56945479777;RJQIXKTP45
Pablo Gonzalez;Pablo.Gonzalez@bbdduc.utopia;56933287960;SEOEKWGH27
Enrique Mingo;Enrique.Mingo@bbdduc.utopia;56975491767;DXASOBIP90
Antonella Roncagliolo;Antonella.Roncagliolo@bbdduc.utopia;56919543513;LDFDVPCM10
Pablo Montes;Pablo.Montes@bbdduc.utopia;56969486380;BEWIQTMP31
Agustin Reyes;Agustin.Reyes@bbdduc.utopia;56972317149;SFCGUHRR74
Enrique Reyes;Enrique.Reyes@bbdduc.utopia;56992916965;TVIDOCBW91
"Pablo O
Ryan";Pablo.ORyan@bbdduc.utopia;56942270623;HKUQYNXP23
Sayen Reyes;Sayen.Reyes@bbdduc.utopia;56979276556;HEEDUDUV45
Alejandro Diaz;Alejandro.Diaz@bbdduc.utopia;56911393679;QPQRASOG33
Alejandro Benitez;Alejandro.Benitez@bbdduc.utopia;56948349144;NADGGMGN83
Pablo Muse;Pablo.Muse@bbdduc.utopia;56914065203;EPCCYMCA16
Alejandro Sierra;Alejandro.Sierra@bbdduc.utopia;56953951328;DQJGQVPX81
Eduardo Behrens;Eduardo.Behrens@bbdduc.utopia;56986067376;QMYGZHBX37
Ignacia Ruiz;Ignacia.Ruiz@bbdduc.utopia;56950030575;CCPAQWPN84
Gabriel Moraga;Gabriel.Moraga@bbdduc.utopia;56987323604;AHOSMSNT44
Eduardo Osorio;Eduardo.Osorio@bbdduc.utopia;56929888277;BUNMEPQZ18
Nicolas Ayala;Nicolas.Ayala@bbdduc.utopia;56980151108;IXGVNCAN75
Antonio Ponce;Antonio.Ponce@bbdduc.utopia;56954377391;COEMTSSM90
Eduardo Palacios;Eduardo.Palacios@bbdduc.utopia;56934597282;SEBZYDBJ72
Jesus Ramirez;Jesus.Ramirez@bbdduc.utopia;56971637154;JXNQYATQ93
Andrea Videla;Andrea.Videla@bbdduc.utopia;56950618151;WVSVGUEE64
Eduardo Vilches;Eduardo.Vilches@bbdduc.utopia;56931609717;EYBSHXCC41
Domingo Carvajal;Domingo.Carvajal@bbdduc.utopia;56979003476;EFMMFQHK67
Alonso Zanni;Alonso.Zanni@bbdduc.utopia;56994570022;IEBVNYXI43
Esteban Marshall;Esteban.Marshall@bbdduc.utopia;56955449517;CZCHIXXH79
Sofia Tapia;Sofia.Tapia@bbdduc.utopia;56991500199;WSDRDBYE73
Florencia Torres;Florencia.Torres@bbdduc.utopia;56932303710;YZQNUIBX47
Angeles Castro;Angeles.Castro@bbdduc.utopia;56959299328;ULRXDGYB17
Alejandro Vicencio;Alejandro.Vicencio@bbdduc.utopia;56938142982;ADKLCEIF71
Renasco Quezada;Renasco.Quezada@bbdduc.utopia;56945242595;SXEOAWVW31
Andres Ramirez;Andres.Ramirez@bbdduc.utopia;56916929795;XBMEENCU58
Andres Montt;Andres.Montt@bbdduc.utopia;56948744007;QAJNFGOW94
Alonso Valladares;Alonso.Valladares@bbdduc.utopia;56973662532;RIHZWLYZ84
Rovira Gonzalez;Rovira.Gonzalez@bbdduc.utopia;56925740912;BOEMYKTJ59
Ignacio Gonzalez;Ignacio.Gonzalez@bbdduc.utopia;56939915678;JCKVSHCJ13
Antonio Moreno;Antonio.Moreno@bbdduc.utopia;56952471970;TSNKEMFC69
Enoc Asenjo;Enoc.Asenjo@bbdduc.utopia;56941158099;VVBMOMFX32
Jose Martin;Jose.Martin@bbdduc.utopia;56940106497;VYGHSQAH32
Sebastian Salazar;Sebastian.Salazar@bbdduc.utopia;56927343422;QLDRKWWJ56
Carina Duran;Carina.Duran@bbdduc.utopia;56940377887;VKDGDSCI84
Nicolas Tromilen;Nicolas.Tromilen@bbdduc.utopia;56951649872;QFTYSBDZ60
Catalina Schiappacasse;Catalina.Schiappacasse@bbdduc.utopia;56992742231;UQVLXVLU55
Giuseppe Horta;Giuseppe.Horta@bbdduc.utopia;56946663788;OBUKBXNV87
Catalina Montenegro;Catalina.Montenegro@bbdduc.utopia;56977003934;TMTUBNCO80
Eduardo Bustos;Eduardo.Bustos@bbdduc.utopia;56982296886;IHGPJQJT37
Silva Intyre;Silva.Intyre@bbdduc.utopia;56953891586;BGOWKXFT67
Antonio Smith;Antonio.Smith@bbdduc.utopia;56910621964;SFMLYEPN70
Jose Oyaneder;Jose.Oyaneder@bbdduc.utopia;56980474851;TACUHRPE11
Belen Torres;Belen.Torres@bbdduc.utopia;56957962597;JJROZCZD53
Ignacio Alvarado;Ignacio.Alvarado@bbdduc.utopia;56964674648;TGTCVQWP46
Antonio Meneghini;Antonio.Meneghini@bbdduc.utopia;56946929895;LLJOQOVV50
Paz Arancibia;Paz.Arancibia@bbdduc.utopia;56921118683;BKWCYKGL53
Eduardo Wood;Eduardo.Wood@bbdduc.utopia;56935753575;TFCGTJVR58
Ignacio Munoz;Ignacio.Munoz@bbdduc.utopia;56940880991;LJQFCSTI65
Andrea Moya;Andrea.Moya@bbdduc.utopia;56924197128;ORWQDFOJ71
Ignacio Perry;Ignacio.Perry@bbdduc.utopia;56986797679;UWQDSMVC92
Ignacio Lopez;Ignacio.Lopez@bbdduc.utopia;56929374838;HIQQWOOX17
Andrea Renftel;Andrea.Renftel@bbdduc.utopia;56982568099;WKYSPBCM79
Kay Zalaquett;Kay.Zalaquett@bbdduc.utopia;56996240470;UOALFPLA39
