despachadornombre;despachadortelefono
Jordan Warren;+56475496149
Eleanor Watson;+56416187242
Charles Butler;+56355800161
Isaac Reed;+56765003948
Jose Coleman;+56891052765
Penelope Murphy;+56921126580
Alexander Robinson;+56025113201
Benjamin Jackson;+56343054881
Camila Green;+56038948627
Cole Palmer;+56175737725
Jaxon Hunt;+56483523311
William Moore;+56395625093
Carter Adams;+56108433226
Colton Cox;+56420364256
Evelyn Garcia;+56771808090
Madelyn Henderson;+56410090443
Eli Howard;+56192776543
Jonathan Richardson;+56093787321
Zoey Hughes;+56390479483
Everly Turner;+56849921404
Alexa Perry;+56161608816
Lucy Myers;+56637952429
Carter Adams;+56108433226
Camila Green;+56038948627
Jordan Warren;+56475496149
Isaac Reed;+56765003948
David Carter;+56198561844
Hunter Nelson;+56439397379
Sebastian Wright;+56962138308
Grace Phillips;+56727351441
Jonathan Richardson;+56093787321
Penelope Murphy;+56921126580
Jack Long;+56499608497
Avery Baker;+56688800416
Thomas Bell;+56681560752
Ryan Mitchell;+56477780729
Chloe Cooper;+56787334517
Clara Foster;+56876456365
Nora Simmons;+56648572744
Chloe Cooper;+56787334517
Chloe Cooper;+56787334517
William Moore;+56395625093
Aria Nelson;+56486188086
Layla Kelly;+56853235735
Daniel Lewis;+56083598274
Ryan Mitchell;+56477780729
Lucas Harris;+56461444208
John Brooks;+56380903764
Riley Price;+56719603806
Camila Green;+56038948627
Madison Evans;+56916802977
Connor Barnes;+56442796447
Thomas Bell;+56681560752
Eleanor Watson;+56416187242
Charles Butler;+56355800161
Juan Perez;+56945687654
Penelope Murphy;+56921126580
Sebastian Wright;+56962138308
John Brooks;+56380903764
Michael Scott;+56398144236
Ryan Mitchell;+56477780729
Nova Russell;+56571025589
Sadie Price;+56181483599
Asher Hughes;+56907179581
Hannah Cook;+56432909031
Cristan Ronald;+56035196028
Oliver Jones;+56556256707
Nicholas Lynch;+56898159462
Elena Murphy;+56610316156
Sophia Wilson;+56104007073
Elijah Miller;+56154971436
John Brooks;+56380903764
Jose Coleman;+56891052765
Ava Davis;+56543735721
Violet Powell;+56228686904
Lincoln Bailey;+56130041256
Jackson Allen;+56115361031
Adrian Foster;+56394761167
Henry Thompson;+56625137454
Christian Bryant;+56188951213
Dominic Stevens;+56024214343
Juan Perez;+56945687654
Henry Thompson;+56625137454
Samuel Foster;+56971104535
Sadie Price;+56181483599
Alice Jenkins;+56848523072
Elena Murphy;+56610316156
Clara Foster;+56876456365
Elizabeth Young;+56352048565
Riley Price;+56719603806
Gabriel Parker;+56891432081
Nova Russell;+56571025589
James Anderson;+56127141355
Connor Barnes;+56442796447
Nathan Gray;+56284391593
Adrian Foster;+56394761167
Layla Kelly;+56853235735
Nova Russell;+56571025589
Ian Bryant;+56815679643
Adrian Foster;+56394761167
Sebastian Wright;+56962138308
Clara Foster;+56876456365
Dominic Stevens;+56024214343
Madelyn Henderson;+56410090443
Avery Baker;+56688800416
James Anderson;+56127141355
Madelyn Henderson;+56410090443
Maria Foster;+56018119267
Stella Torres;+56986754939
Skylar Dunn;+56239411587
Eleanor Watson;+56416187242
Ryan Mitchell;+56477780729
Christian Bryant;+56188951213
Luna Coleman;+56594608777
Nora Simmons;+56648572744
Ryan Mitchell;+56477780729
