nombre;email;telefono;clave
Agustin Matte;Agustin.Matte@bbdduc.utopia;+56911904638;JQMUGFRS73
Agustin Matte;Agustin.Matte@bbdduc.utopia;+56911904638;JQMUGFRS73
Agustin Reyes;Agustin.Reyes@bbdduc.utopia;+56972317149;SFCGUHRR74
Agustin Reyes;Agustin.Reyes@bbdduc.utopia;+56972317149;SFCGUHRR74
Alejandro Benitez;Alejandro.Benitez@bbdduc.utopia;+56948349144;NADGGMGN83
Alejandro Benitez;Alejandro.Benitez@bbdduc.utopia;+56948349144;NADGGMGN83
Alejandro Benitez;Alejandro.Benitez@bbdduc.utopia;+56948349144;NADGGMGN83
Alejandro Benitez;Alejandro.Benitez@bbdduc.utopia;+56948349144;NADGGMGN83
Alejandro Daroca;Alejandro.Daroca@bbdduc.utopia;+56969171652;TAOVJQJH93
Alejandro Sierra;Alejandro.Sierra@bbdduc.utopia;+56953951328;DQJGQVPX81
Alejandro Sierra;Alejandro.Sierra@bbdduc.utopia;+56953951328;DQJGQVPX81
Alejandro Sierra;Alejandro.Sierra@bbdduc.utopia;+56953951328;DQJGQVPX81
Alejandro Vicencio;Alejandro.Vicencio@bbdduc.utopia;+56938142982;ADKLCEIF71
Alejandro Vicencio;Alejandro.Vicencio@bbdduc.utopia;+56938142982;ADKLCEIF71
Alfredo Catalan;Alfredo.Catalan@bbdduc.utopia;+56953813429;VLLDNFCW84
Alfredo Catalan;Alfredo.Catalan@bbdduc.utopia;+56953813429;VLLDNFCW84
Alfredo Catalan;Alfredo.Catalan@bbdduc.utopia;+56953813429;VLLDNFCW84
Alfredo Catalan;Alfredo.Catalan@bbdduc.utopia;+56953813429;VLLDNFCW84
Alfredo Catalan;Alfredo.Catalan@bbdduc.utopia;+56953813429;VLLDNFCW84
Alonso Valladares;Alonso.Valladares@bbdduc.utopia;+56973662532;RIHZWLYZ84
Alonso Valladares;Alonso.Valladares@bbdduc.utopia;+56973662532;RIHZWLYZ84
Alonso Valladares;Alonso.Valladares@bbdduc.utopia;+56973662532;RIHZWLYZ84
Alonso Valladares;Alonso.Valladares@bbdduc.utopia;+56973662532;RIHZWLYZ84
Alonso Valladares;Alonso.Valladares@bbdduc.utopia;+56973662532;RIHZWLYZ84
Alonso Valladares;Alonso.Valladares@bbdduc.utopia;+56973662532;RIHZWLYZ84
Alonso Valladares;Alonso.Valladares@bbdduc.utopia;+56973662532;RIHZWLYZ84
Alonso Zanni;Alonso.Zanni@bbdduc.utopia;+56994570022;IEBVNYXI43
Alonso Zanni;Alonso.Zanni@bbdduc.utopia;+56994570022;IEBVNYXI43
Alonso Zanni;Alonso.Zanni@bbdduc.utopia;+56994570022;IEBVNYXI43
Alonso Zanni;Alonso.Zanni@bbdduc.utopia;+56994570022;IEBVNYXI43
Andrea Guevara;Andrea.Guevara@bbdduc.utopia;+56920906448;KFDOYAQS32
Andrea Guevara;Andrea.Guevara@bbdduc.utopia;+56920906448;KFDOYAQS32
Andrea Guevara;Andrea.Guevara@bbdduc.utopia;+56920906448;KFDOYAQS32
Andrea Moya;Andrea.Moya@bbdduc.utopia;+56924197128;ORWQDFOJ71
Andrea Moya;Andrea.Moya@bbdduc.utopia;+56924197128;ORWQDFOJ71
Andrea Renftel;Andrea.Renftel@bbdduc.utopia;+56982568099;WKYSPBCM79
Andrea Renftel;Andrea.Renftel@bbdduc.utopia;+56982568099;WKYSPBCM79
Andrea Videla;Andrea.Videla@bbdduc.utopia;+56950618151;WVSVGUEE64
Andrea Videla;Andrea.Videla@bbdduc.utopia;+56950618151;WVSVGUEE64
Andres Balzan;Andres.Balzan@bbdduc.utopia;+56952442400;TKWWHWKO40
Andres Barrera;Andres.Barrera@bbdduc.utopia;+56970163398;BRQSGRRG39
Andres Barrera;Andres.Barrera@bbdduc.utopia;+56970163398;BRQSGRRG39
Andres Barrera;Andres.Barrera@bbdduc.utopia;+56970163398;BRQSGRRG39
Andres Barrera;Andres.Barrera@bbdduc.utopia;+56970163398;BRQSGRRG39
Andres Benavides;Andres.Benavides@bbdduc.utopia;+56990161158;OXSMRDNJ12
Andres Benavides;Andres.Benavides@bbdduc.utopia;+56990161158;OXSMRDNJ12
Andres Cortes;Andres.Cortes@bbdduc.utopia;+56960848445;PDOXXLPX97
Andres Cortes;Andres.Cortes@bbdduc.utopia;+56960848445;PDOXXLPX97
Andres Cortes;Andres.Cortes@bbdduc.utopia;+56960848445;PDOXXLPX97
Andres Cortes;Andres.Cortes@bbdduc.utopia;+56960848445;PDOXXLPX97
Andres Gallardo;Andres.Gallardo@bbdduc.utopia;+56987751736;JNAKMRKL13
Andres Gallardo;Andres.Gallardo@bbdduc.utopia;+56987751736;JNAKMRKL13
Andres Mendez;Andres.Mendez@bbdduc.utopia;+56945479777;RJQIXKTP45
Andres Mendez;Andres.Mendez@bbdduc.utopia;+56945479777;RJQIXKTP45
Andres Meza;Andres.Meza@bbdduc.utopia;+56918693660;FCQSQMBZ95
Andres Meza;Andres.Meza@bbdduc.utopia;+56918693660;FCQSQMBZ95
Andres Montt;Andres.Montt@bbdduc.utopia;+56948744007;QAJNFGOW94
Andres Ramirez;Andres.Ramirez@bbdduc.utopia;+56916929795;XBMEENCU58
Andres Ramirez;Andres.Ramirez@bbdduc.utopia;+56916929795;XBMEENCU58
Andres Reinhardt;Andres.Reinhardt@bbdduc.utopia;+56964549056;BJIWZQTW63
Andres Saavedra;Andres.Saavedra@bbdduc.utopia;+56937385754;QCUMKMGG62
Andres Saavedra;Andres.Saavedra@bbdduc.utopia;+56937385754;QCUMKMGG62
Andres Sanchez;Andres.Sanchez@bbdduc.utopia;+56949344433;YENSNRNO61
Andres Sanchez;Andres.Sanchez@bbdduc.utopia;+56949344433;YENSNRNO61
Angeles Castro;Angeles.Castro@bbdduc.utopia;+56959299328;ULRXDGYB17
Angeles Monzon;Angeles.Monzon@bbdduc.utopia;+56997824629;GDPIPZUA18
Antonella Roncagliolo;Antonella.Roncagliolo@bbdduc.utopia;+56919543513;LDFDVPCM10
Antonella Roncagliolo;Antonella.Roncagliolo@bbdduc.utopia;+56919543513;LDFDVPCM10
Antonella Roncagliolo;Antonella.Roncagliolo@bbdduc.utopia;+56919543513;LDFDVPCM10
Antonella Roncagliolo;Antonella.Roncagliolo@bbdduc.utopia;+56919543513;LDFDVPCM10
Antonella Roncagliolo;Antonella.Roncagliolo@bbdduc.utopia;+56919543513;LDFDVPCM10
Antonella Roncagliolo;Antonella.Roncagliolo@bbdduc.utopia;+56919543513;LDFDVPCM10
Antonella Roncagliolo;Antonella.Roncagliolo@bbdduc.utopia;+56919543513;LDFDVPCM10
Antonella Roncagliolo;Antonella.Roncagliolo@bbdduc.utopia;+56919543513;LDFDVPCM10
Antonio Larrain;Antonio.Larrain@bbdduc.utopia;+56986608501;ZYBJKZIU10
Antonio Meneghini;Antonio.Meneghini@bbdduc.utopia;+56946929895;LLJOQOVV50
Antonio Meneghini;Antonio.Meneghini@bbdduc.utopia;+56946929895;LLJOQOVV50
Antonio Moreno;Antonio.Moreno@bbdduc.utopia;+56952471970;TSNKEMFC69
Antonio Rivera;Antonio.Rivera@bbdduc.utopia;+56994087603;JTWDPFHP41
Antonio Rivera;Antonio.Rivera@bbdduc.utopia;+56994087603;JTWDPFHP41
Antonio Rivera;Antonio.Rivera@bbdduc.utopia;+56994087603;JTWDPFHP41
Antonio Rivera;Antonio.Rivera@bbdduc.utopia;+56994087603;JTWDPFHP41
Antonio Rivera;Antonio.Rivera@bbdduc.utopia;+56994087603;JTWDPFHP41
Antonio Smith;Antonio.Smith@bbdduc.utopia;+56910621964;SFMLYEPN70
Antonio Smith;Antonio.Smith@bbdduc.utopia;+56910621964;SFMLYEPN70
Belen Torres;Belen.Torres@bbdduc.utopia;+56957962597;JJROZCZD53
Belen Torres;Belen.Torres@bbdduc.utopia;+56957962597;JJROZCZD53
Belen Torres;Belen.Torres@bbdduc.utopia;+56957962597;JJROZCZD53
Belen Torres;Belen.Torres@bbdduc.utopia;+56957962597;JJROZCZD53
Belen Torres;Belen.Torres@bbdduc.utopia;+56957962597;JJROZCZD53
Carina Duran;Carina.Duran@bbdduc.utopia;+56940377887;VKDGDSCI84
Carina Duran;Carina.Duran@bbdduc.utopia;+56940377887;VKDGDSCI84
Diaz Barrera;Diaz.Barrera@bbdduc.utopia;+56979797000;TJPRYLFO57
Diaz Barrera;Diaz.Barrera@bbdduc.utopia;+56979797000;TJPRYLFO57
Diaz Barrera;Diaz.Barrera@bbdduc.utopia;+56979797000;TJPRYLFO57
Diego Fernandez;Diego.Fernandez@bbdduc.utopia;+56984559741;HKZBAUXP50
Diego Fernandez;Diego.Fernandez@bbdduc.utopia;+56984559741;HKZBAUXP50
Diego Fernandez;Diego.Fernandez@bbdduc.utopia;+56984559741;HKZBAUXP50
Diego Fernandez;Diego.Fernandez@bbdduc.utopia;+56984559741;HKZBAUXP50
Domingo Carvajal;Domingo.Carvajal@bbdduc.utopia;+56979003476;EFMMFQHK67
Domingo Carvajal;Domingo.Carvajal@bbdduc.utopia;+56979003476;EFMMFQHK67
Eduardo Behrens;Eduardo.Behrens@bbdduc.utopia;+56986067376;QMYGZHBX37
Eduardo Behrens;Eduardo.Behrens@bbdduc.utopia;+56986067376;QMYGZHBX37
Eduardo Behrens;Eduardo.Behrens@bbdduc.utopia;+56986067376;QMYGZHBX37
Eduardo Bustos;Eduardo.Bustos@bbdduc.utopia;+56982296886;IHGPJQJT37
Eduardo Bustos;Eduardo.Bustos@bbdduc.utopia;+56982296886;IHGPJQJT37
Eduardo Bustos;Eduardo.Bustos@bbdduc.utopia;+56982296886;IHGPJQJT37
Eduardo Cortez;Eduardo.Cortez@bbdduc.utopia;+56919173831;UPCEULWZ31
Eduardo Cortez;Eduardo.Cortez@bbdduc.utopia;+56919173831;UPCEULWZ31
Eduardo Gonzalez;Eduardo.Gonzalez@bbdduc.utopia;+56980225681;TNSZDDIV86
Eduardo Gonzalez;Eduardo.Gonzalez@bbdduc.utopia;+56980225681;TNSZDDIV86
Eduardo Osorio;Eduardo.Osorio@bbdduc.utopia;+56929888277;BUNMEPQZ18
Eduardo Osorio;Eduardo.Osorio@bbdduc.utopia;+56929888277;BUNMEPQZ18
Eduardo Osorio;Eduardo.Osorio@bbdduc.utopia;+56929888277;BUNMEPQZ18
Eduardo Vilches;Eduardo.Vilches@bbdduc.utopia;+56931609717;EYBSHXCC41
Eduardo Vilches;Eduardo.Vilches@bbdduc.utopia;+56931609717;EYBSHXCC41
Eduardo Vilches;Eduardo.Vilches@bbdduc.utopia;+56931609717;EYBSHXCC41
Eduardo Vilches;Eduardo.Vilches@bbdduc.utopia;+56931609717;EYBSHXCC41
Eduardo Wood;Eduardo.Wood@bbdduc.utopia;+56935753575;TFCGTJVR58
Eduardo Wood;Eduardo.Wood@bbdduc.utopia;+56935753575;TFCGTJVR58
Elena Alarcon;Elena.Alarcon@bbdduc.utopia;+56913400258;FSVHRPAT95
Elena Alarcon;Elena.Alarcon@bbdduc.utopia;+56913400258;FSVHRPAT95
Elena Cintolesi;Elena.Cintolesi@bbdduc.utopia;+56994912598;LCFPEUDJ61
Elena Morales;Elena.Morales@bbdduc.utopia;+56991800035;XHXSQNOR32
Elena Morales;Elena.Morales@bbdduc.utopia;+56991800035;XHXSQNOR32
Elena Morales;Elena.Morales@bbdduc.utopia;+56991800035;XHXSQNOR32
Elias Santibanez;Elias.Santibanez@bbdduc.utopia;+56926960527;ZQRXFHFM74
Elias Santibanez;Elias.Santibanez@bbdduc.utopia;+56926960527;ZQRXFHFM74
Elias Santibanez;Elias.Santibanez@bbdduc.utopia;+56926960527;ZQRXFHFM74
Enoc Asenjo;Enoc.Asenjo@bbdduc.utopia;+56941158099;VVBMOMFX32
Enoc Asenjo;Enoc.Asenjo@bbdduc.utopia;+56941158099;VVBMOMFX32
Enoc Asenjo;Enoc.Asenjo@bbdduc.utopia;+56941158099;VVBMOMFX32
Enrique Costa;Enrique.Costa@bbdduc.utopia;+56944727920;KJXDCTDA49
Enrique Costa;Enrique.Costa@bbdduc.utopia;+56944727920;KJXDCTDA49
Enrique Mingo;Enrique.Mingo@bbdduc.utopia;+56975491767;DXASOBIP90
Enrique Mingo;Enrique.Mingo@bbdduc.utopia;+56975491767;DXASOBIP90
Enrique Reyes;Enrique.Reyes@bbdduc.utopia;+56992916965;TVIDOCBW91
Enrique Reyes;Enrique.Reyes@bbdduc.utopia;+56992916965;TVIDOCBW91
Enrique Reyes;Enrique.Reyes@bbdduc.utopia;+56992916965;TVIDOCBW91
Ernst Bustos;Ernst.Bustos@bbdduc.utopia;+56990556669;DJWMAAZF15
Esteban Marshall;Esteban.Marshall@bbdduc.utopia;+56955449517;CZCHIXXH79
Esteban Marshall;Esteban.Marshall@bbdduc.utopia;+56955449517;CZCHIXXH79
Esteban Marshall;Esteban.Marshall@bbdduc.utopia;+56955449517;CZCHIXXH79
Florencia Torres;Florencia.Torres@bbdduc.utopia;+56932303710;YZQNUIBX47
Francisca Ancic;francisca.ancic@uc.cl;+56982736498;DCCBasesDe
Francisca Ancic;francisca.ancic@uc.cl;+56982736498;DCCBasesDe
Francisca Ancic;francisca.ancic@uc.cl;+56982736498;DCCBasesDe
Giuseppe Horta;Giuseppe.Horta@bbdduc.utopia;+56946663788;OBUKBXNV87
Giuseppe Horta;Giuseppe.Horta@bbdduc.utopia;+56946663788;OBUKBXNV87
Giuseppe Horta;Giuseppe.Horta@bbdduc.utopia;+56946663788;OBUKBXNV87
Giuseppe Horta;Giuseppe.Horta@bbdduc.utopia;+56946663788;OBUKBXNV87
Giuseppe Horta;Giuseppe.Horta@bbdduc.utopia;+56946663788;OBUKBXNV87
Giuseppe Horta;Giuseppe.Horta@bbdduc.utopia;+56946663788;OBUKBXNV87
Humberto Hormann;Humberto.Hormann@bbdduc.utopia;+56922739885;IRGIXRUF55
Humberto Hormann;Humberto.Hormann@bbdduc.utopia;+56922739885;IRGIXRUF55
Humberto Hormann;Humberto.Hormann@bbdduc.utopia;+56922739885;IRGIXRUF55
Humberto Hormann;Humberto.Hormann@bbdduc.utopia;+56922739885;IRGIXRUF55
Ignacia Greene;Ignacia.Greene@bbdduc.utopia;+56950298097;KIIWHWBM22
Ignacia Oyarzun;Ignacia.Oyarzun@bbdduc.utopia;+56974715554;LUVWRWSK86
Ignacia Rolando;Ignacia.Rolando@bbdduc.utopia;+56975853566;BFMTFREO37
Ignacia Rolando;Ignacia.Rolando@bbdduc.utopia;+56975853566;BFMTFREO37
Ignacia Ruiz;Ignacia.Ruiz@bbdduc.utopia;+56950030575;CCPAQWPN84
Ignacia Ruiz;Ignacia.Ruiz@bbdduc.utopia;+56950030575;CCPAQWPN84
Ignacia Ruiz;Ignacia.Ruiz@bbdduc.utopia;+56950030575;CCPAQWPN84
Ignacio Alvarado;Ignacio.Alvarado@bbdduc.utopia;+56964674648;TGTCVQWP46
Ignacio Alvarado;Ignacio.Alvarado@bbdduc.utopia;+56964674648;TGTCVQWP46
Ignacio Alvarado;Ignacio.Alvarado@bbdduc.utopia;+56964674648;TGTCVQWP46
Ignacio Alvarado;Ignacio.Alvarado@bbdduc.utopia;+56964674648;TGTCVQWP46
Ignacio Arias;Ignacio.Arias@bbdduc.utopia;+56942112726;JZYGCPSN17
Ignacio Arias;Ignacio.Arias@bbdduc.utopia;+56942112726;JZYGCPSN17
Ignacio Arias;Ignacio.Arias@bbdduc.utopia;+56942112726;JZYGCPSN17
Ignacio Arias;Ignacio.Arias@bbdduc.utopia;+56942112726;JZYGCPSN17
Ignacio Arias;Ignacio.Arias@bbdduc.utopia;+56942112726;JZYGCPSN17
Ignacio Conejeros;Ignacio.Conejeros@bbdduc.utopia;+56996425322;HTTBPQES86
Ignacio Conejeros;Ignacio.Conejeros@bbdduc.utopia;+56996425322;HTTBPQES86
Ignacio Conejeros;Ignacio.Conejeros@bbdduc.utopia;+56996425322;HTTBPQES86
Ignacio Conejeros;Ignacio.Conejeros@bbdduc.utopia;+56996425322;HTTBPQES86
Ignacio Gonzalez;Ignacio.Gonzalez@bbdduc.utopia;+56939915678;JCKVSHCJ13
Ignacio Gonzalez;Ignacio.Gonzalez@bbdduc.utopia;+56939915678;JCKVSHCJ13
Ignacio Gonzalez;Ignacio.Gonzalez@bbdduc.utopia;+56939915678;JCKVSHCJ13
Ignacio Gonzalez;Ignacio.Gonzalez@bbdduc.utopia;+56939915678;JCKVSHCJ13
Ignacio Lopez;Ignacio.Lopez@bbdduc.utopia;+56929374838;HIQQWOOX17
Ignacio Mellado;Ignacio.Mellado@bbdduc.utopia;+56929043134;GHZTVCGO25
Ignacio Mellado;Ignacio.Mellado@bbdduc.utopia;+56929043134;GHZTVCGO25
Ignacio Munoz;Ignacio.Munoz@bbdduc.utopia;+56940880991;LJQFCSTI65
Ignacio Munoz;Ignacio.Munoz@bbdduc.utopia;+56940880991;LJQFCSTI65
Ignacio Munoz;Ignacio.Munoz@bbdduc.utopia;+56940880991;LJQFCSTI65
Ignacio Munoz;Ignacio.Munoz@bbdduc.utopia;+56940880991;LJQFCSTI65
Ignacio Munoz;Ignacio.Munoz@bbdduc.utopia;+56940880991;LJQFCSTI65
Ignacio Perry;Ignacio.Perry@bbdduc.utopia;+56986797679;UWQDSMVC92
Ignacio Perry;Ignacio.Perry@bbdduc.utopia;+56986797679;UWQDSMVC92
Ignacio Perry;Ignacio.Perry@bbdduc.utopia;+56986797679;UWQDSMVC92
Javier Arias;Javier.Arias@bbdduc.utopia;+56952403273;GFIMBFZC49
Javier Arias;Javier.Arias@bbdduc.utopia;+56952403273;GFIMBFZC49
Javier Arias;Javier.Arias@bbdduc.utopia;+56952403273;GFIMBFZC49
Javier Madrid;Javier.Madrid@bbdduc.utopia;+56983532648;DMKHRKER16
Javier Madrid;Javier.Madrid@bbdduc.utopia;+56983532648;DMKHRKER16
Javier Madrid;Javier.Madrid@bbdduc.utopia;+56983532648;DMKHRKER16
Jesus Estremadoyro;Jesus.Estremadoyro@bbdduc.utopia;+56939814656;DVROGVPU77
Jesus Estremadoyro;Jesus.Estremadoyro@bbdduc.utopia;+56939814656;DVROGVPU77
Jesus Ramirez;Jesus.Ramirez@bbdduc.utopia;+56971637154;JXNQYATQ93
Jesus Valera;Jesus.Valera@bbdduc.utopia;+56982456563;OVQGTEMW63
Jesus Valera;Jesus.Valera@bbdduc.utopia;+56982456563;OVQGTEMW63
Jesus Valera;Jesus.Valera@bbdduc.utopia;+56982456563;OVQGTEMW63
Jose Castelblanco;Jose.Castelblanco@bbdduc.utopia;+56959584691;GAXLWWAD31
Jose Castelblanco;Jose.Castelblanco@bbdduc.utopia;+56959584691;GAXLWWAD31
Jose Dauber;Jose.Dauber@bbdduc.utopia;+56972922150;EPYMMUCO73
Jose Dauber;Jose.Dauber@bbdduc.utopia;+56972922150;EPYMMUCO73
Jose Dauber;Jose.Dauber@bbdduc.utopia;+56972922150;EPYMMUCO73
Jose Dauber;Jose.Dauber@bbdduc.utopia;+56972922150;EPYMMUCO73
Jose Dauber;Jose.Dauber@bbdduc.utopia;+56972922150;EPYMMUCO73
Jose Oyaneder;Jose.Oyaneder@bbdduc.utopia;+56980474851;TACUHRPE11
Jose Oyaneder;Jose.Oyaneder@bbdduc.utopia;+56980474851;TACUHRPE11
Kay Zalaquett;Kay.Zalaquett@bbdduc.utopia;+56996240470;UOALFPLA39
Kay Zalaquett;Kay.Zalaquett@bbdduc.utopia;+56996240470;UOALFPLA39
Kay Zalaquett;Kay.Zalaquett@bbdduc.utopia;+56996240470;UOALFPLA39
Macarena Galleguillos;Macarena.Galleguillos@bbdduc.utopia;+56971256145;LXPQGWTC28
Macarena Galleguillos;Macarena.Galleguillos@bbdduc.utopia;+56971256145;LXPQGWTC28
Macarena Galleguillos;Macarena.Galleguillos@bbdduc.utopia;+56971256145;LXPQGWTC28
Macarena Lungenstrass;Macarena.Lungenstrass@bbdduc.utopia;+56946043276;BASRVYEE88
Macarena Lungenstrass;Macarena.Lungenstrass@bbdduc.utopia;+56946043276;BASRVYEE88
Macarena Lungenstrass;Macarena.Lungenstrass@bbdduc.utopia;+56946043276;BASRVYEE88
Macarena Martinez;Macarena.Martinez@bbdduc.utopia;+56920471929;BNTJIEYK56
Macarena Martinez;Macarena.Martinez@bbdduc.utopia;+56920471929;BNTJIEYK56
Macarena Saldana;Macarena.Saldana@bbdduc.utopia;+56992987026;KRRIIOSP80
Nicolas Ayala;Nicolas.Ayala@bbdduc.utopia;+56980151108;IXGVNCAN75
Nicolas Ayala;Nicolas.Ayala@bbdduc.utopia;+56980151108;IXGVNCAN75
Nicolas Ayala;Nicolas.Ayala@bbdduc.utopia;+56980151108;IXGVNCAN75
Nicolas Ayala;Nicolas.Ayala@bbdduc.utopia;+56980151108;IXGVNCAN75
Nicolas Crisosto;Nicolas.Crisosto@bbdduc.utopia;+56954244905;MLDFFUNI26
Nicolas Crisosto;Nicolas.Crisosto@bbdduc.utopia;+56954244905;MLDFFUNI26
Nicolas Crisosto;Nicolas.Crisosto@bbdduc.utopia;+56954244905;MLDFFUNI26
Nicolas Crisosto;Nicolas.Crisosto@bbdduc.utopia;+56954244905;MLDFFUNI26
Nicolas Crisosto;Nicolas.Crisosto@bbdduc.utopia;+56954244905;MLDFFUNI26
Nicolas Crisosto;Nicolas.Crisosto@bbdduc.utopia;+56954244905;MLDFFUNI26
Nicolas Munoz;Nicolas.Munoz@bbdduc.utopia;+56920134472;WLZIRQFV21
Nicolas Munoz;Nicolas.Munoz@bbdduc.utopia;+56920134472;WLZIRQFV21
Nicolas Munoz;Nicolas.Munoz@bbdduc.utopia;+56920134472;WLZIRQFV21
Nicolas Munoz;Nicolas.Munoz@bbdduc.utopia;+56920134472;WLZIRQFV21
Nicolas Munoz;Nicolas.Munoz@bbdduc.utopia;+56920134472;WLZIRQFV21
Nicolas Plaza;Nicolas.Plaza@bbdduc.utopia;+56948382969;OCDLAPZJ78
Nicolas Plaza;Nicolas.Plaza@bbdduc.utopia;+56948382969;OCDLAPZJ78
Nicolas Plaza;Nicolas.Plaza@bbdduc.utopia;+56948382969;OCDLAPZJ78
Nicolas Plaza;Nicolas.Plaza@bbdduc.utopia;+56948382969;OCDLAPZJ78
Nicolas Tromilen;Nicolas.Tromilen@bbdduc.utopia;+56951649872;QFTYSBDZ60
Nicolas Zambrano;Nicolas.Zambrano@bbdduc.utopia;+56931050629;JRJKHATM77
Nicolas Zambrano;Nicolas.Zambrano@bbdduc.utopia;+56931050629;JRJKHATM77
Nicolas Zambrano;Nicolas.Zambrano@bbdduc.utopia;+56931050629;JRJKHATM77
Ozzy Baldini;Ozzy.Baldini@bbdduc.utopia;+56918496384;AZOILMWX26
Ozzy Baldini;Ozzy.Baldini@bbdduc.utopia;+56918496384;AZOILMWX26
Ozzy Baldini;Ozzy.Baldini@bbdduc.utopia;+56918496384;AZOILMWX26
Ozzy Baldini;Ozzy.Baldini@bbdduc.utopia;+56918496384;AZOILMWX26
Pablo Gonzalez;Pablo.Gonzalez@bbdduc.utopia;+56933287960;SEOEKWGH27
Pablo Montes;Pablo.Montes@bbdduc.utopia;+56969486380;BEWIQTMP31
Pablo Montes;Pablo.Montes@bbdduc.utopia;+56969486380;BEWIQTMP31
Pablo Montes;Pablo.Montes@bbdduc.utopia;+56969486380;BEWIQTMP31
Pablo Muse;Pablo.Muse@bbdduc.utopia;+56914065203;EPCCYMCA16
Pablo Muse;Pablo.Muse@bbdduc.utopia;+56914065203;EPCCYMCA16
Pablo Muse;Pablo.Muse@bbdduc.utopia;+56914065203;EPCCYMCA16
"Pablo O
Ryan";Pablo.ORyan@bbdduc.utopia;+56942270623;HKUQYNXP23
"Pablo O
Ryan";Pablo.ORyan@bbdduc.utopia;+56942270623;HKUQYNXP23
"Pablo O
Ryan";Pablo.ORyan@bbdduc.utopia;+56942270623;HKUQYNXP23
"Pablo O
Ryan";Pablo.ORyan@bbdduc.utopia;+56942270623;HKUQYNXP23
Paz Arancibia;Paz.Arancibia@bbdduc.utopia;+56921118683;BKWCYKGL53
Paz Arancibia;Paz.Arancibia@bbdduc.utopia;+56921118683;BKWCYKGL53
Paz Arancibia;Paz.Arancibia@bbdduc.utopia;+56921118683;BKWCYKGL53
Paz Egnem;Paz.Egnem@bbdduc.utopia;+56998928895;EBTDEAAF69
Pedro Correa;Pedro.Correa@bbdduc.utopia;+56970405475;OWVATYES35
Pedro Correa;Pedro.Correa@bbdduc.utopia;+56970405475;OWVATYES35
Pedro Correa;Pedro.Correa@bbdduc.utopia;+56970405475;OWVATYES35
Renasco Quezada;Renasco.Quezada@bbdduc.utopia;+56945242595;SXEOAWVW31
Renasco Quezada;Renasco.Quezada@bbdduc.utopia;+56945242595;SXEOAWVW31
Robinson Hermosilla;Robinson.Hermosilla@bbdduc.utopia;+56962202135;KZJMIZVJ61
Robinson Hermosilla;Robinson.Hermosilla@bbdduc.utopia;+56962202135;KZJMIZVJ61
Rovira Gonzalez;Rovira.Gonzalez@bbdduc.utopia;+56925740912;BOEMYKTJ59
Rovira Gonzalez;Rovira.Gonzalez@bbdduc.utopia;+56925740912;BOEMYKTJ59
Santiago Garcia;Santiago.Garcia@bbdduc.utopia;+56952755951;MEJRJSPC60
Sayen Reyes;Sayen.Reyes@bbdduc.utopia;+56979276556;HEEDUDUV45
Sayen Reyes;Sayen.Reyes@bbdduc.utopia;+56979276556;HEEDUDUV45
Sebastian Salazar;Sebastian.Salazar@bbdduc.utopia;+56927343422;QLDRKWWJ56
Sebastian Salazar;Sebastian.Salazar@bbdduc.utopia;+56927343422;QLDRKWWJ56
Sebastian Salazar;Sebastian.Salazar@bbdduc.utopia;+56927343422;QLDRKWWJ56
Segundo Collinao;Segundo.Collinao@bbdduc.utopia;+56939259756;ONPBOBAR98
Segundo Collinao;Segundo.Collinao@bbdduc.utopia;+56939259756;ONPBOBAR98
Segundo Collinao;Segundo.Collinao@bbdduc.utopia;+56939259756;ONPBOBAR98
Segundo Collinao;Segundo.Collinao@bbdduc.utopia;+56939259756;ONPBOBAR98
Segundo Collinao;Segundo.Collinao@bbdduc.utopia;+56939259756;ONPBOBAR98
Silva Intyre;Silva.Intyre@bbdduc.utopia;+56953891586;BGOWKXFT67
Sofia Tapia;Sofia.Tapia@bbdduc.utopia;+56991500199;WSDRDBYE73
Yan Zhong;Yan.Zhong@bbdduc.utopia;+56979322678;ZCBBYWIL90
Yan Zhung;Yan.Zhung@bbdduc.utopia;+56979322678;ZCBBYWIL90
Yerhov Silberberg;Yerhov.Silberberg@bbdduc.utopia;+56958595412;XXQOOUHA71
Yerhov Silberberg;Yerhov.Silberberg@bbdduc.utopia;+56958595412;XXQOOUHA71
Yerhov Silberberg;Yerhov.Silberberg@bbdduc.utopia;+56958595412;XXQOOUHA71
Yerhov Silberberg;Yerhov.Silberberg@bbdduc.utopia;+56958595412;XXQOOUHA71
Yerhov Silberberg;Yerhov.Silberberg@bbdduc.utopia;+56958595412;XXQOOUHA71
Yerhov Silberberg;Yerhov.Silberberg@bbdduc.utopia;+56958595412;XXQOOUHA71
Yerhov Silberberg;Yerhov.Silberberg@bbdduc.utopia;+56958595412;XXQOOUHA71
Yerhov Silberberg;Yerhov.Silberberg@bbdduc.utopia;+56958595412;XXQOOUHA71
